source_id,category,title,url,author,game_version,spoiler
grievous69_capitals_098a,SHIP_CAPITAL,Capital ship tier list - 0.98a (with intro),https://www.reddit.com/r/starsector/comments/1k6ydy5/capital_ship_tier_list_098a_with_intro/,Grievous69,0.98a,False
grievous69_cruisers_098a,SHIP_CRUISER,Cruiser ship tier list - 0.98a,https://www.reddit.com/r/starsector/comments/1k9569u/cruiser_ship_tier_list_098a/,Grievous69,0.98a,False
grievous69_destroyers_098a,SHIP_DESTROYER,Destroyer ship tier list - 0.98a,https://www.reddit.com/r/starsector/comments/1kca3jd/destroyer_ship_tier_list_098a/,Grievous69,0.98a,False
grievous69_frigates_098a,SHIP_FRIGATE,Frigate ship tier list - 0.98a,https://www.reddit.com/r/starsector/comments/1kh6jan/frigate_ship_tier_list_098a/,Grievous69,0.98a,False
grievous69_ballistics_098a,WEAPON_BALLISTIC,Ballistic weapon tier list - 0.98a,https://www.reddit.com/r/starsector/comments/1kky9ta/ballistic_weapon_tier_list_098a/,Grievous69,0.98a,False
grievous69_energy_098a,WEAPON_ENERGY,Energy weapon tier list - 0.98a,https://www.reddit.com/r/starsector/comments/1ko7eww/energy_weapon_tier_list_098a/,Grievous69,0.98a,False
grievous69_missiles_098a,WEAPON_MISSILE,Missile weapon tier list - 0.98a,https://www.reddit.com/r/starsector/comments/1kv7kxe/missile_weapon_tier_list_098a/,Grievous69,0.98a,False
grievous69_fighters_098a,FIGHTER,Fighter tier list - 0.98a,https://www.reddit.com/r/starsector/comments/1lkexa8/fighter_tier_list_098a/,Grievous69,0.98a,False
grievous69_spoiler_ship_fighter_098a,SPOILER_SHIP_FIGHTER,[SPOILER] ship + fighter tier list - 0.98a,https://www.reddit.com/r/starsector/comments/1lvlpdg/spoiler_ship_fighter_tier_list_098a/,Grievous69,0.98a,True
grievous69_spoiler_weapons_098a,SPOILER_WEAPON,[SPOILER] weapon tier list - 0.98a,https://www.reddit.com/r/starsector/comments/1m8wn6l/spoiler_weapon_tier_list_098a/,Grievous69,0.98a,True
